{"cameraMode":{"drawMode":0,"name":"Shaded","section":"Shading Mode"},"sceneLighting":true,"audioPlay":false,"sceneViewState":{"showFog":true,"showMaterialUpdate":false,"showSkybox":true,"showFlares":true,"showImageEffects":true,"showParticleSystems":true,"showVisualEffectGraphs":true,"m_FxEnabled":true},"in2DMode":false,"pivot":{"x":-0.08411797881126404,"y":0.9012511968612671,"z":0.14445745944976808},"rotation":{"x":0.00607775803655386,"y":-0.9939343929290772,"z":0.08159257471561432,"w":0.0750662088394165},"size":0.4597867727279663,"orthographic":false}